{
  "experiment": "exp02_input_transpose",
  "baseline": {
    "mean_ms": 1094.9160289764404,
    "min_ms": 713.719367980957,
    "max_ms": 2041.8212413787842,
    "std_ms": 278.9806036974064,
    "p50_ms": 1056.2838315963745,
    "fps": 0.9133120472579338,
    "iters": 100,
    "warmup": 10,
    "raw_times_ms": [
      877.4535655975342,
      781.425952911377,
      757.6828002929688,
      815.8566951751709,
      730.8595180511475,
      905.9600830078125,
      884.1028213500977,
      839.2739295959473,
      847.9936122894287,
      772.3996639251709,
      806.1816692352295,
      768.6648368835449,
      793.0662631988525,
      841.7320251464844,
      764.1615867614746,
      713.719367980957,
      971.0662364959717,
      914.7257804870605,
      983.5443496704102,
      1428.3473491668701,
      1206.0649394989014,
      1160.1355075836182,
      1152.3022651672363,
      1493.140459060669,
      1221.9865322113037,
      1143.1665420532227,
      1101.5501022338867,
      959.2385292053223,
      1094.9349403381348,
      1032.8748226165771,
      1284.5556735992432,
      1083.8842391967773,
      802.6044368743896,
      1034.3296527862549,
      781.4223766326904,
      883.7394714355469,
      947.2861289978027,
      894.6905136108398,
      803.9052486419678,
      959.1555595397949,
      822.8707313537598,
      809.2713356018066,
      849.0736484527588,
      1249.4537830352783,
      1213.8831615447998,
      1535.447597503662,
      1488.593339920044,
      1434.793472290039,
      1312.3798370361328,
      1332.6525688171387,
      1293.325424194336,
      1527.090072631836,
      1227.1831035614014,
      1219.691514968872,
      1153.214931488037,
      1087.9261493682861,
      1235.9588146209717,
      1237.168788909912,
      985.0406646728516,
      778.2192230224609,
      965.4092788696289,
      1300.391435623169,
      821.2783336639404,
      1054.2144775390625,
      1056.5099716186523,
      1032.172441482544,
      1187.1099472045898,
      809.4093799591064,
      836.7774486541748,
      728.7068367004395,
      770.0350284576416,
      1047.1417903900146,
      1056.0576915740967,
      865.149974822998,
      733.0129146575928,
      870.4879283905029,
      1059.777021408081,
      803.5428524017334,
      843.360424041748,
      1355.6315898895264,
      1388.6430263519287,
      1692.5663948059082,
      1751.7051696777344,
      1310.7948303222656,
      975.8412837982178,
      1301.1188507080078,
      1376.8999576568604,
      1269.8466777801514,
      1240.1533126831055,
      1247.9465007781982,
      1277.8120040893555,
      1337.2879028320312,
      1228.3029556274414,
      1290.9398078918457,
      1164.851427078247,
      1453.6290168762207,
      2041.8212413787842,
      1955.9109210968018,
      1512.4340057373047,
      1444.4966316223145
    ],
    "node_count": {
      "total": 325,
      "by_type": {
        "Conv": 84,
        "Sigmoid": 78,
        "Mul": 80,
        "Split": 9,
        "Add": 15,
        "Concat": 19,
        "MaxPool": 3,
        "Constant": 19,
        "Resize": 2,
        "Reshape": 5,
        "Transpose": 2,
        "Softmax": 1,
        "Shape": 1,
        "Gather": 1,
        "Div": 2,
        "Slice": 2,
        "Sub": 2
      }
    }
  },
  "modified": {
    "mean_ms": 913.4665179252625,
    "min_ms": 660.4588031768799,
    "max_ms": 1808.5157871246338,
    "std_ms": 262.564410291717,
    "p50_ms": 790.6427383422852,
    "fps": 1.0947308745057007,
    "iters": 100,
    "warmup": 10,
    "raw_times_ms": [
      1268.1405544281006,
      1271.7673778533936,
      1362.6573085784912,
      1303.2009601593018,
      1346.6176986694336,
      1268.8379287719727,
      1229.8519611358643,
      1298.0928421020508,
      1331.9692611694336,
      1241.0919666290283,
      1454.8664093017578,
      1421.1432933807373,
      1197.7078914642334,
      1091.024398803711,
      1215.0368690490723,
      1018.7244415283203,
      963.5982513427734,
      881.7675113677979,
      1097.0511436462402,
      782.5589179992676,
      1033.5710048675537,
      1388.83638381958,
      942.7156448364258,
      792.2770977020264,
      842.5107002258301,
      733.3965301513672,
      793.2603359222412,
      782.2740077972412,
      759.8145008087158,
      878.450870513916,
      905.6720733642578,
      1335.9613418579102,
      1528.191089630127,
      907.3290824890137,
      758.8036060333252,
      810.082197189331,
      764.9362087249756,
      847.2058773040771,
      1064.8775100708008,
      1421.9534397125244,
      1212.5885486602783,
      946.8858242034912,
      852.1604537963867,
      800.2233505249023,
      749.4287490844727,
      725.8355617523193,
      674.4704246520996,
      797.4002361297607,
      748.0099201202393,
      690.1931762695312,
      682.8947067260742,
      721.5709686279297,
      667.3638820648193,
      706.1581611633301,
      912.635326385498,
      761.9688510894775,
      734.1897487640381,
      660.4588031768799,
      754.0221214294434,
      689.072847366333,
      796.0045337677002,
      785.7389450073242,
      815.8926963806152,
      762.2315883636475,
      718.4844017028809,
      678.1036853790283,
      718.9226150512695,
      705.6090831756592,
      933.4046840667725,
      713.5536670684814,
      772.5472450256348,
      1061.5873336791992,
      718.0318832397461,
      707.3965072631836,
      767.2693729400635,
      789.008378982544,
      723.2797145843506,
      715.8565521240234,
      713.0029201507568,
      746.002197265625,
      775.0804424285889,
      719.8777198791504,
      781.2018394470215,
      685.1165294647217,
      736.1547946929932,
      680.9682846069336,
      831.1069011688232,
      765.7032012939453,
      866.6386604309082,
      698.1594562530518,
      713.8621807098389,
      801.3455867767334,
      762.3574733734131,
      671.7503070831299,
      1808.5157871246338,
      1795.6035137176514,
      833.0652713775635,
      757.1113109588623,
      746.4993000030518,
      749.2470741271973
    ],
    "node_count": {
      "total": 327,
      "by_type": {
        "Transpose": 4,
        "Conv": 84,
        "Sigmoid": 78,
        "Mul": 80,
        "Split": 9,
        "Add": 15,
        "Concat": 19,
        "MaxPool": 3,
        "Constant": 19,
        "Resize": 2,
        "Reshape": 5,
        "Softmax": 1,
        "Shape": 1,
        "Gather": 1,
        "Div": 2,
        "Slice": 2,
        "Sub": 2
      }
    }
  },
  "comparison": {
    "delta_ms": -181.44951105117798,
    "ratio": 0.8342799755878976
  },
  "single_transpose_estimate_ms": -90.72475552558899,
  "note": "round-trip Transpose pair (NCHW\u2192NHWC\u2192NCHW) at input; single = delta/2"
}