{
  "experiment": "exp06_multi_transpose",
  "baseline": {
    "mean_ms": 821.0148310661316,
    "min_ms": 604.0971279144287,
    "max_ms": 1658.48708152771,
    "std_ms": 221.80843929022748,
    "p50_ms": 751.3909339904785,
    "fps": 1.2180047937763154,
    "iters": 100,
    "warmup": 10,
    "raw_times_ms": [
      761.7208957672119,
      976.2434959411621,
      1359.1535091400146,
      1342.0038223266602,
      1458.456039428711,
      1214.6117687225342,
      1237.4317646026611,
      1449.561357498169,
      1658.48708152771,
      1584.9716663360596,
      1254.2929649353027,
      960.8166217803955,
      810.4979991912842,
      734.1151237487793,
      729.4583320617676,
      641.9830322265625,
      803.1461238861084,
      861.1712455749512,
      675.8129596710205,
      848.3998775482178,
      845.8271026611328,
      665.616512298584,
      682.3594570159912,
      781.7103862762451,
      750.9336471557617,
      1171.8511581420898,
      1014.6863460540771,
      885.5845928192139,
      997.870683670044,
      905.8310985565186,
      984.8904609680176,
      837.8665447235107,
      700.4818916320801,
      826.9989490509033,
      756.5250396728516,
      733.147144317627,
      1076.7557621002197,
      884.6640586853027,
      832.1869373321533,
      731.8196296691895,
      736.0720634460449,
      777.662992477417,
      810.1439476013184,
      758.9116096496582,
      660.7904434204102,
      832.0631980895996,
      917.1266555786133,
      744.1580295562744,
      661.0727310180664,
      896.5768814086914,
      755.0008296966553,
      661.8552207946777,
      633.1937313079834,
      671.4766025543213,
      802.5975227355957,
      646.7719078063965,
      713.4222984313965,
      1005.8596134185791,
      728.3143997192383,
      1046.762466430664,
      1161.2868309020996,
      807.3229789733887,
      744.591474533081,
      778.4631252288818,
      705.2557468414307,
      839.9980068206787,
      659.8572731018066,
      642.5333023071289,
      751.8482208251953,
      730.5035591125488,
      663.1920337677002,
      604.482889175415,
      614.1345500946045,
      650.9859561920166,
      618.1812286376953,
      647.2525596618652,
      837.7325534820557,
      617.5041198730469,
      645.5013751983643,
      708.8801860809326,
      607.7492237091064,
      616.2660121917725,
      731.450080871582,
      817.0735836029053,
      771.904468536377,
      625.8180141448975,
      604.621410369873,
      753.0596256256104,
      724.0457534790039,
      696.0628032684326,
      618.7894344329834,
      737.0800971984863,
      674.9801635742188,
      765.4037475585938,
      645.3156471252441,
      715.8098220825195,
      604.0971279144287,
      729.3674945831299,
      739.1164302825928,
      604.1879653930664
    ],
    "node_count": {
      "total": 325,
      "by_type": {
        "Conv": 84,
        "Sigmoid": 78,
        "Mul": 80,
        "Split": 9,
        "Add": 15,
        "Concat": 19,
        "MaxPool": 3,
        "Constant": 19,
        "Resize": 2,
        "Reshape": 5,
        "Transpose": 2,
        "Softmax": 1,
        "Shape": 1,
        "Gather": 1,
        "Div": 2,
        "Slice": 2,
        "Sub": 2
      }
    }
  },
  "modified": {
    "mean_ms": 825.9211468696594,
    "min_ms": 636.6333961486816,
    "max_ms": 1380.326509475708,
    "std_ms": 172.30752056497505,
    "p50_ms": 770.7457542419434,
    "fps": 1.210769337714769,
    "iters": 100,
    "warmup": 10,
    "raw_times_ms": [
      657.0162773132324,
      831.1049938201904,
      816.5023326873779,
      1049.3135452270508,
      1000.1497268676758,
      1036.1971855163574,
      783.196210861206,
      714.9231433868408,
      877.9280185699463,
      642.4236297607422,
      640.8302783966064,
      773.21457862854,
      636.6333961486816,
      801.5854358673096,
      730.1816940307617,
      670.2380180358887,
      736.762285232544,
      716.3054943084717,
      856.7850589752197,
      748.2752799987793,
      987.529993057251,
      1154.0007591247559,
      882.378101348877,
      746.0782527923584,
      769.1431045532227,
      819.782018661499,
      666.283369064331,
      674.4747161865234,
      671.1232662200928,
      727.299690246582,
      746.9489574432373,
      892.2107219696045,
      926.2416362762451,
      1039.0644073486328,
      921.3137626647949,
      663.7001037597656,
      703.2554149627686,
      737.0975017547607,
      706.2454223632812,
      804.2922019958496,
      744.2586421966553,
      763.634204864502,
      995.7079887390137,
      1122.5779056549072,
      1380.326509475708,
      1370.7027435302734,
      1307.772159576416,
      1313.3153915405273,
      744.0199851989746,
      960.6978893280029,
      956.4723968505859,
      803.2686710357666,
      850.5764007568359,
      856.0364246368408,
      734.8983287811279,
      806.5311908721924,
      1058.079481124878,
      1122.5171089172363,
      1158.5893630981445,
      1111.6032600402832,
      1203.0699253082275,
      746.2854385375977,
      875.3862380981445,
      697.5686550140381,
      925.6231784820557,
      716.3529396057129,
      650.4991054534912,
      653.0423164367676,
      643.5444355010986,
      812.9236698150635,
      673.4862327575684,
      690.5398368835449,
      646.0189819335938,
      772.3484039306641,
      876.152515411377,
      934.4110488891602,
      850.9933948516846,
      961.0216617584229,
      773.625373840332,
      769.1402435302734,
      794.041633605957,
      658.4253311157227,
      692.7833557128906,
      672.3856925964355,
      750.3018379211426,
      824.918270111084,
      757.8151226043701,
      668.0512428283691,
      650.0561237335205,
      856.5018177032471,
      736.8118762969971,
      669.8651313781738,
      716.9129848480225,
      714.0042781829834,
      809.4227313995361,
      659.1615676879883,
      722.6622104644775,
      670.9351539611816,
      877.673864364624,
      697.7348327636719
    ],
    "node_count": {
      "total": 333,
      "by_type": {
        "Conv": 84,
        "Transpose": 10,
        "Sigmoid": 78,
        "Mul": 80,
        "Split": 9,
        "Add": 15,
        "Concat": 19,
        "MaxPool": 3,
        "Constant": 19,
        "Resize": 2,
        "Reshape": 5,
        "Softmax": 1,
        "Shape": 1,
        "Gather": 1,
        "Div": 2,
        "Slice": 2,
        "Sub": 2
      }
    }
  },
  "comparison": {
    "delta_ms": 4.906315803527832,
    "ratio": 1.0059759161684774
  },
  "per_roundtrip_pair_ms": 1.226578950881958,
  "per_single_transpose_ms": 0.613289475440979,
  "note": "4 round-trip pairs (8 Transposes) at backbone stage Conv outputs"
}