{
  "experiment": "exp04_dual_transpose",
  "baseline": {
    "mean_ms": 829.3430423736572,
    "min_ms": 607.642650604248,
    "max_ms": 1648.5915184020996,
    "std_ms": 188.47341776791998,
    "p50_ms": 778.374433517456,
    "fps": 1.2057736653073095,
    "iters": 100,
    "warmup": 10,
    "raw_times_ms": [
      777.0915031433105,
      902.9207229614258,
      975.6674766540527,
      707.6694965362549,
      765.11549949646,
      787.6956462860107,
      942.9831504821777,
      924.2846965789795,
      1097.9361534118652,
      1236.2051010131836,
      1055.9115409851074,
      1082.310438156128,
      978.5983562469482,
      1006.5767765045166,
      1103.7166118621826,
      857.353925704956,
      732.4929237365723,
      873.0983734130859,
      1001.0840892791748,
      964.0192985534668,
      933.7158203125,
      703.2711505889893,
      662.5416278839111,
      886.5776062011719,
      918.2131290435791,
      791.5785312652588,
      930.4215908050537,
      757.509708404541,
      1013.7810707092285,
      926.6262054443359,
      1011.9504928588867,
      1410.3782176971436,
      1648.5915184020996,
      1013.7090682983398,
      1283.1382751464844,
      753.4184455871582,
      713.5934829711914,
      704.2875289916992,
      998.0220794677734,
      856.8854331970215,
      975.7750034332275,
      705.5418491363525,
      738.1153106689453,
      698.8387107849121,
      651.5357494354248,
      623.6498355865479,
      932.9898357391357,
      1378.9739608764648,
      611.8557453155518,
      646.5487480163574,
      706.4387798309326,
      641.0079002380371,
      630.9449672698975,
      655.4155349731445,
      689.4679069519043,
      742.5317764282227,
      924.7477054595947,
      703.0587196350098,
      994.6022033691406,
      928.6293983459473,
      796.0443496704102,
      668.3454513549805,
      1026.3633728027344,
      648.15354347229,
      633.0075263977051,
      668.2126522064209,
      638.5319232940674,
      698.9302635192871,
      688.9944076538086,
      686.8016719818115,
      640.9077644348145,
      632.6711177825928,
      628.4058094024658,
      779.6573638916016,
      664.6337509155273,
      889.9073600769043,
      911.2145900726318,
      964.1437530517578,
      647.8686332702637,
      821.9707012176514,
      813.0984306335449,
      898.6966609954834,
      781.8009853363037,
      770.0862884521484,
      683.0356121063232,
      700.5271911621094,
      841.3593769073486,
      657.0863723754883,
      820.2166557312012,
      691.9369697570801,
      607.642650604248,
      693.9914226531982,
      899.287223815918,
      716.7918682098389,
      766.5584087371826,
      686.7563724517822,
      797.2829341888428,
      656.8021774291992,
      768.8026428222656,
      676.1655807495117
    ],
    "node_count": {
      "total": 325,
      "by_type": {
        "Conv": 84,
        "Sigmoid": 78,
        "Mul": 80,
        "Split": 9,
        "Add": 15,
        "Concat": 19,
        "MaxPool": 3,
        "Constant": 19,
        "Resize": 2,
        "Reshape": 5,
        "Transpose": 2,
        "Softmax": 1,
        "Shape": 1,
        "Gather": 1,
        "Div": 2,
        "Slice": 2,
        "Sub": 2
      }
    }
  },
  "modified": {
    "mean_ms": 812.4438190460205,
    "min_ms": 617.2952651977539,
    "max_ms": 1519.425392150879,
    "std_ms": 173.53928151143165,
    "p50_ms": 760.1803541183472,
    "fps": 1.230854339164288,
    "iters": 100,
    "warmup": 10,
    "raw_times_ms": [
      705.7614326477051,
      689.2092227935791,
      655.3342342376709,
      647.5920677185059,
      882.8418254852295,
      756.0939788818359,
      1265.761375427246,
      744.1246509552002,
      1301.2287616729736,
      947.4844932556152,
      1330.1687240600586,
      1025.4502296447754,
      624.0725517272949,
      847.1412658691406,
      1104.626178741455,
      1100.0926494598389,
      1219.9125289916992,
      912.5289916992188,
      856.328010559082,
      695.6808567047119,
      772.1302509307861,
      984.4233989715576,
      1055.4234981536865,
      886.0926628112793,
      890.1195526123047,
      841.087818145752,
      721.0135459899902,
      882.5225830078125,
      778.0892848968506,
      848.0706214904785,
      723.1690883636475,
      816.9763088226318,
      833.3802223205566,
      843.1293964385986,
      1061.9630813598633,
      1017.2314643859863,
      635.3535652160645,
      617.2952651977539,
      794.2366600036621,
      652.6660919189453,
      679.3882846832275,
      747.0798492431641,
      649.078369140625,
      633.4519386291504,
      730.0925254821777,
      623.6956119537354,
      635.2372169494629,
      685.8305931091309,
      657.7208042144775,
      692.4099922180176,
      773.2760906219482,
      923.5386848449707,
      678.739070892334,
      661.085844039917,
      832.737922668457,
      682.2757720947266,
      894.2928314208984,
      701.305627822876,
      882.1597099304199,
      727.0476818084717,
      760.0436210632324,
      652.7249813079834,
      688.0795955657959,
      736.2117767333984,
      684.539794921875,
      674.9277114868164,
      879.4021606445312,
      673.4626293182373,
      672.8534698486328,
      719.2471027374268,
      665.8101081848145,
      656.5756797790527,
      735.4683876037598,
      760.3170871734619,
      727.45680809021,
      650.9957313537598,
      713.1462097167969,
      635.6387138366699,
      768.39280128479,
      786.9200706481934,
      721.7423915863037,
      674.8523712158203,
      702.2285461425781,
      786.0097885131836,
      1059.213638305664,
      848.1030464172363,
      1021.2142467498779,
      944.1404342651367,
      1005.2378177642822,
      1519.425392150879,
      940.3634071350098,
      721.186637878418,
      754.5821666717529,
      762.0277404785156,
      778.8996696472168,
      771.0204124450684,
      752.3493766784668,
      1124.7622966766357,
      778.1546115875244,
      880.4006576538086
    ],
    "node_count": {
      "total": 328,
      "by_type": {
        "Transpose": 5,
        "Conv": 84,
        "Sigmoid": 78,
        "Mul": 80,
        "Split": 9,
        "Add": 15,
        "Concat": 19,
        "MaxPool": 3,
        "Constant": 19,
        "Resize": 2,
        "Reshape": 5,
        "Softmax": 1,
        "Shape": 1,
        "Gather": 1,
        "Div": 2,
        "Slice": 2,
        "Sub": 2
      }
    }
  },
  "comparison": {
    "delta_ms": -16.89922332763672,
    "ratio": 0.9796233615473887
  },
  "note": "input round-trip pair (2T) + output single (1T) = 3 Transposes total"
}