{
  "experiment": "exp01_baseline",
  "model": "/home/ssd/projects/deployment_learning/analyze_transpose/exp01_baseline/../yolov8m.onnx",
  "DISABLE_ALL": {
    "mean_ms": 1205.654661655426,
    "min_ms": 823.5251903533936,
    "max_ms": 1960.5629444122314,
    "std_ms": 223.3395739915587,
    "p50_ms": 1201.6761302947998,
    "fps": 0.8294249023405661,
    "iters": 100,
    "warmup": 10,
    "raw_times_ms": [
      971.57883644104,
      1121.382236480713,
      869.6584701538086,
      977.6511192321777,
      965.63720703125,
      1052.0174503326416,
      964.7848606109619,
      900.8629322052002,
      869.553804397583,
      838.242769241333,
      840.458869934082,
      907.1125984191895,
      1114.6743297576904,
      897.0086574554443,
      1005.1975250244141,
      1199.8744010925293,
      911.9458198547363,
      851.844072341919,
      823.5251903533936,
      1018.1727409362793,
      1358.607292175293,
      855.1414012908936,
      1156.632900238037,
      1010.467529296875,
      1035.9599590301514,
      1010.0753307342529,
      1157.6166152954102,
      972.0931053161621,
      1080.5902481079102,
      1181.084394454956,
      1169.9090003967285,
      1192.617416381836,
      1270.7374095916748,
      1286.8168354034424,
      1118.342399597168,
      1279.9768447875977,
      1257.5974464416504,
      867.6197528839111,
      1281.3363075256348,
      1324.775218963623,
      1361.5553379058838,
      1291.046380996704,
      979.1290760040283,
      1043.2426929473877,
      1145.9684371948242,
      1170.2814102172852,
      1167.0117378234863,
      1029.907464981079,
      862.6832962036133,
      1194.770336151123,
      1011.6794109344482,
      1237.2362613677979,
      1255.342721939087,
      1156.7857265472412,
      1275.0489711761475,
      1179.6128749847412,
      1150.9490013122559,
      1428.2524585723877,
      1650.4969596862793,
      1448.0161666870117,
      1231.743335723877,
      1283.228874206543,
      1302.8819561004639,
      1195.0016021728516,
      1371.1702823638916,
      1095.6661701202393,
      1232.3603630065918,
      1385.8551979064941,
      1727.1435260772705,
      1291.3267612457275,
      1287.003993988037,
      1187.7567768096924,
      1675.9390830993652,
      1712.3162746429443,
      1345.1282978057861,
      1319.087266921997,
      1280.3349494934082,
      1289.1581058502197,
      1264.8985385894775,
      1554.818868637085,
      1582.709550857544,
      1185.8758926391602,
      1417.9503917694092,
      1633.3365440368652,
      1403.214693069458,
      1294.0778732299805,
      1710.4682922363281,
      1960.5629444122314,
      1477.102518081665,
      1228.2168865203857,
      1196.0206031799316,
      1256.742238998413,
      1265.35964012146,
      1422.0659732818604,
      1265.82932472229,
      1210.8805179595947,
      1277.836799621582,
      1296.0889339447021,
      1236.6304397583008,
      1203.4778594970703
    ],
    "node_count": {
      "total": 325,
      "by_type": {
        "Conv": 84,
        "Sigmoid": 78,
        "Mul": 80,
        "Split": 9,
        "Add": 15,
        "Concat": 19,
        "MaxPool": 3,
        "Constant": 19,
        "Resize": 2,
        "Reshape": 5,
        "Transpose": 2,
        "Softmax": 1,
        "Shape": 1,
        "Gather": 1,
        "Div": 2,
        "Slice": 2,
        "Sub": 2
      }
    },
    "optimization_level": "DISABLE_ALL"
  },
  "BASIC": {
    "mean_ms": 1045.17507314682,
    "min_ms": 708.1725597381592,
    "max_ms": 2032.8760147094727,
    "std_ms": 305.6407519611153,
    "p50_ms": 972.4925756454468,
    "fps": 0.9567775061733852,
    "iters": 100,
    "warmup": 10,
    "raw_times_ms": [
      1308.3302974700928,
      1248.647689819336,
      1272.6755142211914,
      1323.960781097412,
      1536.5736484527588,
      1689.0521049499512,
      1546.165943145752,
      1327.681303024292,
      1203.8886547088623,
      1196.0868835449219,
      1326.4095783233643,
      1216.949224472046,
      1129.3537616729736,
      1145.8961963653564,
      1239.6645545959473,
      1239.3386363983154,
      1414.3218994140625,
      1894.7618007659912,
      1255.0511360168457,
      1292.954921722412,
      1321.608066558838,
      1262.0902061462402,
      1313.7946128845215,
      1649.6999263763428,
      1885.8234882354736,
      1696.9313621520996,
      1237.600564956665,
      1137.6025676727295,
      1081.3894271850586,
      995.9018230438232,
      830.6608200073242,
      984.7609996795654,
      1010.6680393218994,
      972.4740982055664,
      1055.9675693511963,
      860.3625297546387,
      825.4411220550537,
      1112.647533416748,
      1168.8907146453857,
      816.6635036468506,
      1014.1913890838623,
      785.783052444458,
      1046.5030670166016,
      846.4524745941162,
      831.6037654876709,
      1041.6676998138428,
      974.2405414581299,
      1145.5128192901611,
      1292.8695678710938,
      1121.4146614074707,
      1568.695306777954,
      1903.7954807281494,
      2032.8760147094727,
      1154.6318531036377,
      820.8091259002686,
      921.8368530273438,
      1009.1099739074707,
      805.7317733764648,
      723.212480545044,
      800.4882335662842,
      820.7857608795166,
      772.728443145752,
      720.9804058074951,
      774.3620872497559,
      787.1780395507812,
      741.851806640625,
      767.8377628326416,
      920.3693866729736,
      712.6290798187256,
      750.7271766662598,
      782.6290130615234,
      874.6762275695801,
      1209.0001106262207,
      811.4397525787354,
      806.3461780548096,
      743.8180446624756,
      776.045560836792,
      740.199089050293,
      761.3053321838379,
      839.4026756286621,
      828.310489654541,
      753.1325817108154,
      720.3977108001709,
      863.3084297180176,
      708.1725597381592,
      839.519739151001,
      859.9710464477539,
      801.0892868041992,
      765.7692432403564,
      795.8939075469971,
      749.0243911743164,
      840.1567935943604,
      1001.4364719390869,
      828.9098739624023,
      865.5853271484375,
      821.3443756103516,
      884.3157291412354,
      777.4596214294434,
      856.7171096801758,
      972.5110530853271
    ],
    "node_count": {
      "total": 325,
      "by_type": {
        "Conv": 84,
        "Sigmoid": 78,
        "Mul": 80,
        "Split": 9,
        "Add": 15,
        "Concat": 19,
        "MaxPool": 3,
        "Constant": 19,
        "Resize": 2,
        "Reshape": 5,
        "Transpose": 2,
        "Softmax": 1,
        "Shape": 1,
        "Gather": 1,
        "Div": 2,
        "Slice": 2,
        "Sub": 2
      }
    },
    "optimization_level": "BASIC"
  },
  "EXTENDED": {
    "mean_ms": 893.0062985420227,
    "min_ms": 606.0159206390381,
    "max_ms": 2318.2313442230225,
    "std_ms": 323.321674714543,
    "p50_ms": 770.5761194229126,
    "fps": 1.119812930359687,
    "iters": 100,
    "warmup": 10,