{
  "experiment": "exp05_mid_transpose",
  "baseline": {
    "mean_ms": 739.6348667144775,
    "min_ms": 588.2704257965088,
    "max_ms": 1693.03560256958,
    "std_ms": 175.76861339053733,
    "p50_ms": 667.5735712051392,
    "fps": 1.3520184688454278,
    "iters": 100,
    "warmup": 10,
    "raw_times_ms": [
      839.261531829834,
      640.9831047058105,
      686.190128326416,
      682.976245880127,
      848.2561111450195,
      892.3342227935791,
      634.4401836395264,
      921.9117164611816,
      847.9397296905518,
      740.3182983398438,
      1119.9235916137695,
      1188.859224319458,
      784.6953868865967,
      768.3944702148438,
      800.0524044036865,
      883.9254379272461,
      714.5178318023682,
      1078.8030624389648,
      1693.03560256958,
      1492.6748275756836,
      1068.3765411376953,
      1152.5061130523682,
      1074.5224952697754,
      750.8888244628906,
      756.6132545471191,
      666.9180393218994,
      599.5514392852783,
      737.1048927307129,
      869.8208332061768,
      646.8954086303711,
      758.4211826324463,
      808.5365295410156,
      660.9210968017578,
      620.8617687225342,
      720.4625606536865,
      925.4844188690186,
      653.1023979187012,
      611.7606163024902,
      644.3934440612793,
      619.5721626281738,
      644.3521976470947,
      659.0754985809326,
      661.7617607116699,
      724.5392799377441,
      659.2392921447754,
      632.7793598175049,
      630.014181137085,
      760.6527805328369,
      638.9052867889404,
      665.9305095672607,
      823.8258361816406,
      669.7490215301514,
      667.6959991455078,
      642.9641246795654,
      635.7355117797852,
      588.2704257965088,
      780.0948619842529,
      784.900426864624,
      673.9561557769775,
      645.8618640899658,
      631.1137676239014,
      652.923583984375,
      659.0569019317627,
      659.5501899719238,
      626.9266605377197,
      748.5661506652832,
      653.5186767578125,
      661.9031429290771,
      635.0953578948975,
      677.3934364318848,
      833.8296413421631,
      628.6447048187256,
      814.6820068359375,
      658.5397720336914,
      667.4511432647705,
      657.3734283447266,
      629.9488544464111,
      651.5591144561768,
      673.0959415435791,
      759.3183517456055,
      667.7756309509277,
      628.669261932373,
      611.2370491027832,
      633.9213848114014,
      671.5958118438721,
      602.3123264312744,
      635.206937789917,
      801.1751174926758,
      663.7918949127197,
      639.4801139831543,
      642.8608894348145,
      681.9109916687012,
      651.1898040771484,
      711.3993167877197,
      723.6504554748535,
      693.5124397277832,
      625.2834796905518,
      620.063066482544,
      650.7682800292969,
      630.6800842285156
    ],
    "node_count": {
      "total": 325,
      "by_type": {
        "Conv": 84,
        "Sigmoid": 78,
        "Mul": 80,
        "Split": 9,
        "Add": 15,
        "Concat": 19,
        "MaxPool": 3,
        "Constant": 19,
        "Resize": 2,
        "Reshape": 5,
        "Transpose": 2,
        "Softmax": 1,
        "Shape": 1,
        "Gather": 1,
        "Div": 2,
        "Slice": 2,
        "Sub": 2
      }
    }
  },
  "modified": {
    "mean_ms": 723.8197660446167,
    "min_ms": 598.8011360168457,
    "max_ms": 1140.850305557251,
    "std_ms": 106.29935522658104,
    "p50_ms": 692.8099393844604,
    "fps": 1.3815593976724303,
    "iters": 100,
    "warmup": 10,
    "raw_times_ms": [
      743.6189651489258,
      653.1765460968018,
      653.0585289001465,
      694.9982643127441,
      641.887903213501,
      767.9567337036133,
      712.0914459228516,
      633.713960647583,
      654.3741226196289,
      708.3451747894287,
      636.9216442108154,
      618.5591220855713,
      717.796802520752,
      973.1457233428955,
      667.3047542572021,
      626.0757446289062,
      636.7497444152832,
      636.2869739532471,
      767.5015926361084,
      670.8147525787354,
      863.4250164031982,
      667.2050952911377,
      673.8336086273193,
      658.4305763244629,
      701.6158103942871,
      606.2145233154297,
      679.9261569976807,
      893.5465812683105,
      639.4534111022949,
      680.1753044128418,
      655.442476272583,
      599.0445613861084,
      630.7480335235596,
      637.4733448028564,
      704.9181461334229,
      752.772331237793,
      684.4396591186523,
      603.5587787628174,
      699.7416019439697,
      633.6367130279541,
      601.9482612609863,
      701.6949653625488,
      816.3316249847412,
      607.0404052734375,
      677.6034832000732,
      690.6216144561768,
      650.2835750579834,
      652.8279781341553,
      629.0836334228516,
      725.3303527832031,
      743.2923316955566,
      652.4834632873535,
      598.8011360168457,
      660.6760025024414,
      833.8923454284668,
      610.593318939209,
      733.574628829956,
      831.7499160766602,
      641.516923904419,
      642.9171562194824,
      663.9151573181152,
      674.4022369384766,
      610.3322505950928,
      675.8122444152832,
      970.4482555389404,
      811.8903636932373,
      809.4291687011719,
      1140.850305557251,
      756.4115524291992,
      926.485538482666,
      957.1805000305176,
      771.6584205627441,
      729.2757034301758,
      956.7315578460693,
      690.2551651000977,
      844.0573215484619,
      928.1313419342041,
      752.7096271514893,
      702.6057243347168,
      795.2680587768555,
      767.8990364074707,
      777.4324417114258,
      850.8155345916748,
      757.087230682373,
      640.5878067016602,
      769.970178604126,
      902.5580883026123,
      957.6926231384277,
      892.3263549804688,
      724.5221138000488,
      629.4472217559814,
      716.2151336669922,
      708.5299491882324,
      758.7859630584717,
      721.8749523162842,
      894.989013671875,
      630.9330463409424,
      654.3965339660645,
      645.0395584106445,
      630.7799816131592
    ],
    "node_count": {
      "total": 327,
      "by_type": {
        "Conv": 84,
        "Sigmoid": 78,
        "Mul": 80,
        "Split": 9,
        "Add": 15,
        "Concat": 19,
        "Transpose": 4,
        "MaxPool": 3,
        "Constant": 19,
        "Resize": 2,
        "Reshape": 5,
        "Softmax": 1,
        "Shape": 1,
        "Gather": 1,
        "Div": 2,
        "Slice": 2,
        "Sub": 2
      }
    }
  },
  "comparison": {
    "delta_ms": -15.81510066986084,
    "ratio": 0.9786176918076984
  },
  "single_transpose_estimate_ms": -7.90755033493042,
  "note": "Round-trip pair after 20th Conv; single = delta/2"
}