{
  "experiment": "exp03_output_transpose",
  "baseline": {
    "mean_ms": 752.0241928100586,
    "min_ms": 656.7916870117188,
    "max_ms": 1333.0206871032715,
    "std_ms": 87.80230875182963,
    "p50_ms": 733.7112426757812,
    "fps": 1.3297444544481212,
    "iters": 100,
    "warmup": 10,
    "raw_times_ms": [
      674.440860748291,
      752.0802021026611,
      688.3854866027832,
      673.612117767334,
      780.2853584289551,
      753.9756298065186,
      692.6889419555664,
      672.9691028594971,
      744.9679374694824,
      756.9937705993652,
      897.2678184509277,
      781.6288471221924,
      771.05712890625,
      1053.3473491668701,
      1333.0206871032715,
      839.5013809204102,
      856.468915939331,
      920.9215641021729,
      693.845272064209,
      690.5059814453125,
      708.3470821380615,
      692.9395198822021,
      826.7872333526611,
      678.4677505493164,
      726.2704372406006,
      711.2960815429688,
      706.1138153076172,
      687.5941753387451,
      742.2735691070557,
      746.0417747497559,
      682.1811199188232,
      842.087984085083,
      725.6944179534912,
      802.2499084472656,
      656.8918228149414,
      753.5905838012695,
      777.583122253418,
      769.1328525543213,
      662.9049777984619,
      783.902645111084,
      690.3588771820068,
      803.3816814422607,
      706.8397998809814,
      771.2762355804443,
      733.8118553161621,
      687.1747970581055,
      725.7466316223145,
      697.0856189727783,
      744.1058158874512,
      703.9437294006348,
      715.7473564147949,
      769.7901725769043,
      695.1682567596436,
      784.7936153411865,
      720.0992107391357,
      678.2200336456299,
      754.2214393615723,
      715.200662612915,
      759.9232196807861,
      692.8777694702148,
      656.7916870117188,
      901.0491371154785,
      710.9081745147705,
      763.0248069763184,
      796.5695858001709,
      751.7452239990234,
      711.4019393920898,
      849.5581150054932,
      890.1853561401367,
      768.7220573425293,
      706.406831741333,
      736.7866039276123,
      844.867467880249,
      719.2678451538086,
      703.0515670776367,
      688.5604858398438,
      755.5077075958252,
      733.6106300354004,
      699.5570659637451,
      699.3670463562012,
      673.9158630371094,
      709.550142288208,
      704.0987014770508,
      755.7072639465332,
      844.2013263702393,
      753.8814544677734,
      748.8598823547363,
      854.4297218322754,
      765.3665542602539,
      693.7422752380371,
      801.5387058258057,
      728.2493114471436,
      679.8105239868164,
      706.3055038452148,
      740.0665283203125,
      704.3716907501221,
      700.1819610595703,
      811.5575313568115,
      733.5643768310547,
      745.9986209869385
    ],
    "node_count": {
      "total": 325,
      "by_type": {
        "Conv": 84,
        "Sigmoid": 78,
        "Mul": 80,
        "Split": 9,
        "Add": 15,
        "Concat": 19,
        "MaxPool": 3,
        "Constant": 19,
        "Resize": 2,
        "Reshape": 5,
        "Transpose": 2,
        "Softmax": 1,
        "Shape": 1,
        "Gather": 1,
        "Div": 2,
        "Slice": 2,
        "Sub": 2
      }
    }
  },
  "modified": {
    "mean_ms": 737.9310321807861,
    "min_ms": 647.9108333587646,
    "max_ms": 941.1954879760742,
    "std_ms": 59.19826106945082,
    "p50_ms": 721.9761610031128,
    "fps": 1.3551401911432415,
    "iters": 100,
    "warmup": 10,
    "raw_times_ms": [
      770.4877853393555,
      705.1911354064941,
      655.2224159240723,
      737.8756999969482,
      723.5939502716064,
      685.1329803466797,
      680.875301361084,
      772.9597091674805,
      822.6912021636963,
      938.4372234344482,
      737.3979091644287,
      780.0440788269043,
      823.8410949707031,
      794.8541641235352,
      681.4141273498535,
      719.6633815765381,
      717.8795337677002,
      776.627779006958,
      691.0359859466553,
      696.8584060668945,
      756.2360763549805,
      722.3117351531982,
      704.0233612060547,
      763.8821601867676,
      721.6405868530273,
      716.1176204681396,
      718.9321517944336,
      927.7362823486328,
      701.7354965209961,
      695.5339908599854,
      747.065544128418,
      920.8920001983643,
      730.595588684082,
      751.3735294342041,
      765.7771110534668,
      750.4258155822754,
      728.5308837890625,
      701.8065452575684,
      699.8426914215088,
      715.5923843383789,
      755.2227973937988,
      647.9108333587646,
      679.8477172851562,
      716.9766426086426,
      661.3612174987793,
      732.499361038208,
      719.5124626159668,
      796.7016696929932,
      691.3115978240967,
      742.969274520874,
      737.4284267425537,
      687.957763671875,
      675.7433414459229,
      729.3097972869873,
      751.3413429260254,
      683.2728385925293,
      739.7253513336182,
      812.3774528503418,
      715.2450084686279,
      680.9554100036621,
      716.7892456054688,
      784.8117351531982,
      764.012336730957,
      878.5922527313232,
      750.1540184020996,
      769.0527439117432,
      711.9457721710205,
      763.9529705047607,
      706.2234878540039,
      719.832181930542,
      697.5786685943604,
      671.3666915893555,
      706.2492370605469,
      723.729133605957,
      744.7381019592285,
      710.3455066680908,
      723.3583927154541,
      710.1268768310547,
      670.4463958740234,
      684.3018531799316,
      735.727071762085,
      705.3132057189941,
      714.7412300109863,
      728.3022403717041,
      782.703161239624,
      657.6592922210693,
      808.6071014404297,
      711.4489078521729,
      825.5748748779297,
      821.1667537689209,
      717.2482013702393,
      941.1954879760742,
      710.9477519989014,
      682.7301979064941,
      762.9082202911377,
      824.955940246582,
      707.9277038574219,
      651.5560150146484,
      793.5192584991455,
      691.4572715759277
    ],
    "node_count": {
      "total": 326,
      "by_type": {
        "Conv": 84,
        "Sigmoid": 78,
        "Mul": 80,
        "Split": 9,
        "Add": 15,
        "Concat": 19,
        "MaxPool": 3,
        "Constant": 19,
        "Resize": 2,
        "Reshape": 5,
        "Transpose": 3,
        "Softmax": 1,
        "Shape": 1,
        "Gather": 1,
        "Div": 2,
        "Slice": 2,
        "Sub": 2
      }
    }
  },
  "comparison": {
    "delta_ms": -14.093160629272461,
    "ratio": 0.9812596978075784
  },
  "note": "single Transpose(perm=[0,2,1]) at output, 3D tensor [1,84,8400]->[1,8400,84]"
}